{"cameraMode":{"drawMode":0,"name":"Shaded","section":"Shading Mode"},"sceneLighting":true,"audioPlay":false,"sceneViewState":{"m_AlwaysRefresh":false,"showFog":true,"showSkybox":true,"showFlares":true,"showImageEffects":true,"showParticleSystems":true,"showVisualEffectGraphs":true,"m_FxEnabled":true},"in2DMode":false,"pivot":{"x":1.8453714847564698,"y":3.139801025390625,"z":2.7965006828308107},"rotation":{"x":-0.22337272763252259,"y":-0.045559823513031009,"z":0.010452471673488617,"w":-0.9736129641532898},"size":11.06981086730957,"orthographic":false}