{"cameraMode":{"drawMode":0,"name":"Shaded","section":"Shading Mode"},"sceneLighting":true,"audioPlay":false,"sceneViewState":{"m_AlwaysRefresh":false,"showFog":true,"showSkybox":true,"showFlares":true,"showImageEffects":true,"showParticleSystems":true,"showVisualEffectGraphs":true,"m_FxEnabled":true},"in2DMode":false,"pivot":{"x":571.8261108398438,"y":238.8142852783203,"z":-129.7533416748047},"rotation":{"x":0.0011902032420039178,"y":0.009597059339284897,"z":0.000011370254469511565,"w":-0.9999549388885498},"size":322.88751220703127,"orthographic":false}