{"cameraMode":{"drawMode":0,"name":"Shaded","section":"Shading Mode"},"sceneLighting":true,"audioPlay":false,"sceneViewState":{"m_AlwaysRefresh":false,"showFog":true,"showSkybox":true,"showFlares":true,"showImageEffects":true,"showParticleSystems":true,"showVisualEffectGraphs":true,"m_FxEnabled":true},"in2DMode":false,"pivot":{"x":482.06561279296877,"y":273.0124816894531,"z":-155.63128662109376},"rotation":{"x":0.05066773295402527,"y":0.006588844582438469,"z":0.00033524000900797546,"w":-0.9986999034881592},"size":293.0867919921875,"orthographic":false}