{"cameraMode":{"drawMode":0,"name":"Shaded","section":"Shading Mode"},"sceneLighting":true,"audioPlay":false,"sceneViewState":{"m_AlwaysRefresh":false,"showFog":true,"showSkybox":true,"showFlares":true,"showImageEffects":true,"showParticleSystems":true,"showVisualEffectGraphs":true,"m_FxEnabled":true},"in2DMode":false,"pivot":{"x":502.01080322265627,"y":361.8355407714844,"z":-127.39300537109375},"rotation":{"x":-0.010808723047375679,"y":-0.012901539914309979,"z":0.0001404661888955161,"w":-0.9998633861541748},"size":287.60418701171877,"orthographic":false}