{"cameraMode":{"drawMode":0,"name":"Shaded","section":"Shading Mode"},"sceneLighting":true,"audioPlay":false,"sceneViewState":{"m_AlwaysRefresh":false,"showFog":true,"showSkybox":true,"showFlares":true,"showImageEffects":true,"showParticleSystems":true,"showVisualEffectGraphs":true,"m_FxEnabled":true},"in2DMode":false,"pivot":{"x":634.1312866210938,"y":413.28656005859377,"z":-23.18988037109375},"rotation":{"x":-0.10532744973897934,"y":0.003789942478761077,"z":-0.0004014711012132466,"w":-0.9944308996200562},"size":384.8468933105469,"orthographic":false}